PID,x0,xf,E0,Ef
0,-0.379583,-881867,100,99.9999
1,-0.379583,-881868,100,99.9999
2,-0.379583,-881868,100,99.9999
3,-0.379583,-881868,100,99.9999
4,-0.379583,-881866,100,99.9999
5,-0.379583,-881867,100,99.9999
6,-0.379583,-881868,100,99.9999
7,-0.379583,-881867,100,99.9999
8,-0.379583,-881868,100,99.9999
9,-0.379583,-881868,100,99.9999
10,-0.379583,-881866,100,99.9999
11,-0.379583,-881868,100,99.9999
12,-0.379583,-881867,100,99.9999
13,-0.379583,-881867,100,99.9999
14,-0.379583,-881867,100,99.9999
15,-0.379583,-881868,100,99.9999
16,-0.379583,-881868,100,99.9999
17,-0.379583,-881867,100,99.9999
18,-0.379583,-881869,100,99.9999
19,-0.379583,-881867,100,99.9999
20,-0.379583,-881868,100,99.9999
21,-0.379583,-881868,100,99.9999
22,-0.379583,-881868,100,99.9999
23,-0.379583,-881867,100,99.9999
24,-0.379583,-881868,100,99.9999
25,-0.379583,-881868,100,99.9999
26,-0.379583,-881866,100,99.9999
27,-0.379583,-881867,100,99.9999
28,-0.379583,-881867,100,99.9999
29,-0.379583,-881869,100,99.9999
30,-0.379583,-881867,100,99.9999
31,-0.379583,-881867,100,99.9999
32,-0.379583,-881866,100,99.9999
33,-0.379583,-881867,100,99.9999
34,-0.379583,-881868,100,99.9999
35,-0.379583,-881868,100,99.9999
36,-0.379583,-881868,100,99.9999
37,-0.379583,-881868,100,99.9999
38,-0.379583,-881867,100,99.9999
39,-0.379583,-881866,100,99.9999
40,-0.379583,-881867,100,99.9999
41,-0.379583,-881868,100,99.9999
42,-0.379583,-881867,100,99.9999
43,-0.379583,-881867,100,99.9999
44,-0.379583,-881867,100,99.9999
45,-0.379583,-881866,100,99.9999
46,-0.379583,-881867,100,99.9999
47,-0.379583,-881868,100,99.9999
48,-0.379583,-881867,100,99.9999
49,-0.379583,-881867,100,99.9999
50,-0.379583,-881867,100,99.9999
51,-0.379583,-881867,100,99.9999
52,-0.379583,-881867,100,99.9999
53,-0.379583,-881867,100,99.9999
54,-0.379583,-881868,100,99.9999
55,-0.379583,-881868,100,99.9999
56,-0.379583,-881867,100,99.9999
57,-0.379583,-881867,100,99.9999
58,-0.379583,-881868,100,99.9999
59,-0.379583,-881866,100,99.9999
60,-0.379583,-881867,100,99.9999
61,-0.379583,-881866,100,99.9999
62,-0.379583,-881867,100,99.9999
63,-0.379583,-881868,100,99.9999
64,-0.379583,-881866,100,99.9999
65,-0.379583,-881867,100,99.9999
66,-0.379583,-881868,100,99.9999
67,-0.379583,-881867,100,99.9999
68,-0.379583,-881868,100,99.9999
69,-0.379583,-881867,100,99.9999
70,-0.379583,-881866,100,99.9999
71,-0.379583,-881868,100,99.9999
72,-0.379583,-881867,100,99.9999
73,-0.379583,-881868,100,99.9999
74,-0.379583,-881868,100,99.9999
75,-0.379583,-881868,100,99.9999
76,-0.379583,-881868,100,99.9999
77,-0.379583,-881868,100,99.9999
78,-0.379583,-881868,100,99.9999
79,-0.379583,-881867,100,99.9999
80,-0.379583,-881868,100,99.9999
81,-0.379583,-881868,100,99.9999
82,-0.379583,-881866,100,99.9999
83,-0.379583,-881867,100,99.9999
84,-0.379583,-881868,100,99.9999
85,-0.379583,-881868,100,99.9999
86,-0.379583,-881867,100,99.9999
87,-0.379583,-881868,100,99.9999
88,-0.379583,-881867,100,99.9999
89,-0.379583,-881868,100,99.9999
90,-0.379583,-881867,100,99.9999
91,-0.379583,-881866,100,99.9999
92,-0.379583,-881867,100,99.9999
93,-0.379583,-881867,100,99.9999
94,-0.379583,-881868,100,99.9999
95,-0.379583,-881868,100,99.9999
96,-0.379583,-881867,100,99.9999
97,-0.379583,-881866,100,99.9999
98,-0.379583,-881867,100,99.9999
99,-0.379583,-881868,100,99.9999
100,-0.379583,-881867,100,99.9999
101,-0.379583,-881868,100,99.9999
102,-0.379583,-881868,100,99.9999
103,-0.379583,-881866,100,99.9999
104,-0.379583,-881867,100,99.9999
105,-0.379583,-881867,100,99.9999
106,-0.379583,-881866,100,99.9999
107,-0.379583,-881867,100,99.9999
108,-0.379583,-881867,100,99.9999
109,-0.379583,-881868,100,99.9999
110,-0.379583,-881867,100,99.9999
111,-0.379583,-881867,100,99.9999
112,-0.379583,-881867,100,99.9999
113,-0.379583,-881867,100,99.9999
114,-0.379583,-881868,100,99.9999
115,-0.379583,-881868,100,99.9999
116,-0.379583,-881867,100,99.9999
117,-0.379583,-881867,100,99.9999
118,-0.379583,-881867,100,99.9999
119,-0.379583,-881867,100,99.9999
120,-0.379583,-881867,100,99.9999
121,-0.379583,-881868,100,99.9999
122,-0.379583,-881866,100,99.9999
123,-0.379583,-881867,100,99.9999
124,-0.379583,-881868,100,99.9999
125,-0.379583,-881868,100,99.9999
126,-0.379583,-881867,100,99.9999
127,-0.379583,-881868,100,99.9999
128,-0.379583,-881867,100,99.9999
129,-0.379583,-881867,100,99.9999
130,-0.379583,-881867,100,99.9999
131,-0.379583,-881866,100,99.9999
132,-0.379583,-881868,100,99.9999
133,-0.379583,-881867,100,99.9999
134,-0.379583,-881867,100,99.9999
135,-0.379583,-881867,100,99.9999
136,-0.379583,-881867,100,99.9999
137,-0.379583,-881866,100,99.9999
138,-0.379583,-881867,100,99.9999
139,-0.379583,-881867,100,99.9999
140,-0.379583,-881866,100,99.9999
141,-0.379583,-881866,100,99.9999
142,-0.379583,-881867,100,99.9999
143,-0.379583,-881868,100,99.9999
144,-0.379583,-881866,100,99.9999
145,-0.379583,-881867,100,99.9999
146,-0.379583,-881866,100,99.9999
147,-0.379583,-881867,100,99.9999
148,-0.379583,-881867,100,99.9999
149,-0.379583,-881869,100,99.9999
150,-0.379583,-881867,100,99.9999
151,-0.379583,-881867,100,99.9999
152,-0.379583,-881868,100,99.9999
153,-0.379583,-881868,100,99.9999
154,-0.379583,-881868,100,99.9999
155,-0.379583,-881867,100,99.9999
156,-0.379583,-881868,100,99.9999
157,-0.379583,-881868,100,99.9999
158,-0.379583,-881868,100,99.9999
159,-0.379583,-881867,100,99.9999
160,-0.379583,-881868,100,99.9999
161,-0.379583,-881868,100,99.9999
162,-0.379583,-881867,100,99.9999
163,-0.379583,-881867,100,99.9999
164,-0.379583,-881868,100,99.9999
165,-0.379583,-881867,100,99.9999
166,-0.379583,-881868,100,99.9999
167,-0.379583,-881866,100,99.9999
168,-0.379583,-881868,100,99.9999
169,-0.379583,-881867,100,99.9999
170,-0.379583,-881867,100,99.9999
171,-0.379583,-881868,100,99.9999
172,-0.379583,-881867,100,99.9999
173,-0.379583,-881866,100,99.9999
174,-0.379583,-881866,100,99.9999
175,-0.379583,-881867,100,99.9999
176,-0.379583,-881867,100,99.9999
177,-0.379583,-881868,100,99.9999
178,-0.379583,-881867,100,99.9999
179,-0.379583,-881867,100,99.9999
180,-0.379583,-881867,100,99.9999
181,-0.379583,-881867,100,99.9999
182,-0.379583,-881867,100,99.9999
183,-0.379583,-881867,100,99.9999
184,-0.379583,-881867,100,99.9999
185,-0.379583,-881868,100,99.9999
186,-0.379583,-881868,100,99.9999
187,-0.379583,-881867,100,99.9999
188,-0.379583,-881867,100,99.9999
189,-0.379583,-881866,100,99.9999
190,-0.379583,-881868,100,99.9999
191,-0.379583,-881867,100,99.9999
192,-0.379583,-881868,100,99.9999
193,-0.379583,-881867,100,99.9999
194,-0.379583,-881866,100,99.9999
195,-0.379583,-881868,100,99.9999
196,-0.379583,-881867,100,99.9999
197,-0.379583,-881867,100,99.9999
198,-0.379583,-881866,100,99.9999
199,-0.379583,-881867,100,99.9999
200,-0.379583,-881868,100,99.9999
201,-0.379583,-881866,100,99.9999
202,-0.379583,-881867,100,99.9999
203,-0.379583,-881866,100,99.9999
204,-0.379583,-881866,100,99.9999
205,-0.379583,-881868,100,99.9999
206,-0.379583,-881867,100,99.9999
207,-0.379583,-881867,100,99.9999
208,-0.379583,-881867,100,99.9999
209,-0.379583,-881867,100,99.9999
210,-0.379583,-881867,100,99.9999
211,-0.379583,-881867,100,99.9999
212,-0.379583,-881867,100,99.9999
213,-0.379583,-881867,100,99.9999
214,-0.379583,-881868,100,99.9999
215,-0.379583,-881868,100,99.9999
216,-0.379583,-881868,100,99.9999
217,-0.379583,-881866,100,99.9999
218,-0.379583,-881867,100,99.9999
219,-0.379583,-881867,100,99.9999
220,-0.379583,-881866,100,99.9999
221,-0.379583,-881867,100,99.9999
222,-0.379583,-881867,100,99.9999
223,-0.379583,-881868,100,99.9999
224,-0.379583,-881868,100,99.9999
225,-0.379583,-881868,100,99.9999
226,-0.379583,-881867,100,99.9999
227,-0.379583,-881868,100,99.9999
228,-0.379583,-881868,100,99.9999
229,-0.379583,-881867,100,99.9999
230,-0.379583,-881867,100,99.9999
231,-0.379583,-881867,100,99.9999
232,-0.379583,-881868,100,99.9999
233,-0.379583,-881866,100,99.9999
234,-0.379583,-881867,100,99.9999
235,-0.379583,-881867,100,99.9999
236,-0.379583,-881866,100,99.9999
237,-0.379583,-881868,100,99.9999
238,-0.379583,-881867,100,99.9999
239,-0.379583,-881866,100,99.9999
240,-0.379583,-881868,100,99.9999
241,-0.379583,-881867,100,99.9999
242,-0.379583,-881868,100,99.9999
243,-0.379583,-881866,100,99.9999
244,-0.379583,-881867,100,99.9999
245,-0.379583,-881868,100,99.9999
246,-0.379583,-881867,100,99.9999
247,-0.379583,-881867,100,99.9999
248,-0.379583,-881867,100,99.9999
249,-0.379583,-881868,100,99.9999
250,-0.379583,-881868,100,99.9999
251,-0.379583,-881867,100,99.9999
252,-0.379583,-881868,100,99.9999
253,-0.379583,-881867,100,99.9999
254,-0.379583,-881868,100,99.9999
255,-0.379583,-881868,100,99.9999
256,-0.379583,-881868,100,99.9999
257,-0.379583,-881867,100,99.9999
258,-0.379583,-881867,100,99.9999
259,-0.379583,-881868,100,99.9999
260,-0.379583,-881867,100,99.9999
261,-0.379583,-881867,100,99.9999
262,-0.379583,-881868,100,99.9999
263,-0.379583,-881868,100,99.9999
264,-0.379583,-881867,100,99.9999
265,-0.379583,-881867,100,99.9999
266,-0.379583,-881867,100,99.9999
267,-0.379583,-881868,100,99.9999
268,-0.379583,-881868,100,99.9999
269,-0.379583,-881869,100,99.9999
270,-0.379583,-881868,100,99.9999
271,-0.379583,-881868,100,99.9999
272,-0.379583,-881867,100,99.9999
273,-0.379583,-881868,100,99.9999
274,-0.379583,-881867,100,99.9999
275,-0.379583,-881867,100,99.9999
276,-0.379583,-881867,100,99.9999
277,-0.379583,-881867,100,99.9999
278,-0.379583,-881866,100,99.9999
279,-0.379583,-881868,100,99.9999
280,-0.379583,-881868,100,99.9999
281,-0.379583,-881867,100,99.9999
282,-0.379583,-881868,100,99.9999
283,-0.379583,-881867,100,99.9999
284,-0.379583,-881867,100,99.9999
285,-0.379583,-881868,100,99.9999
286,-0.379583,-881867,100,99.9999
287,-0.379583,-881866,100,99.9999
288,-0.379583,-881866,100,99.9999
289,-0.379583,-881868,100,99.9999
290,-0.379583,-881868,100,99.9999
291,-0.379583,-881867,100,99.9999
292,-0.379583,-881867,100,99.9999
293,-0.379583,-881869,100,99.9999
294,-0.379583,-881867,100,99.9999
295,-0.379583,-881867,100,99.9999
296,-0.379583,-881868,100,99.9999
297,-0.379583,-881868,100,99.9999
298,-0.379583,-881867,100,99.9999
299,-0.379583,-881868,100,99.9999
300,-0.379583,-881867,100,99.9999
301,-0.379583,-881867,100,99.9999
302,-0.379583,-881868,100,99.9999
303,-0.379583,-881867,100,99.9999
304,-0.379583,-881867,100,99.9999
305,-0.379583,-881867,100,99.9999
306,-0.379583,-881867,100,99.9999
307,-0.379583,-881868,100,99.9999
308,-0.379583,-881868,100,99.9999
309,-0.379583,-881866,100,99.9999
310,-0.379583,-881866,100,99.9999
311,-0.379583,-881867,100,99.9999
312,-0.379583,-881868,100,99.9999
313,-0.379583,-881868,100,99.9999
314,-0.379583,-881866,100,99.9999
315,-0.379583,-881867,100,99.9999
316,-0.379583,-881867,100,99.9999
317,-0.379583,-881868,100,99.9999
318,-0.379583,-881868,100,99.9999
319,-0.379583,-881867,100,99.9999
320,-0.379583,-881868,100,99.9999
321,-0.379583,-881867,100,99.9999
322,-0.379583,-881868,100,99.9999
323,-0.379583,-881868,100,99.9999
324,-0.379583,-881866,100,99.9999
325,-0.379583,-881868,100,99.9999
326,-0.379583,-881867,100,99.9999
327,-0.379583,-881867,100,99.9999
328,-0.379583,-881867,100,99.9999
329,-0.379583,-881867,100,99.9999
330,-0.379583,-881868,100,99.9999
331,-0.379583,-881868,100,99.9999
332,-0.379583,-881868,100,99.9999
333,-0.379583,-881868,100,99.9999
334,-0.379583,-881868,100,99.9999
335,-0.379583,-881867,100,99.9999
336,-0.379583,-881867,100,99.9999
337,-0.379583,-881868,100,99.9999
338,-0.379583,-881866,100,99.9999
339,-0.379583,-881868,100,99.9999
340,-0.379583,-881867,100,99.9999
341,-0.379583,-881866,100,99.9999
342,-0.379583,-881868,100,99.9999
343,-0.379583,-881868,100,99.9999
344,-0.379583,-881866,100,99.9999
345,-0.379583,-881866,100,99.9999
346,-0.379583,-881866,100,99.9999
347,-0.379583,-881867,100,99.9999
348,-0.379583,-881867,100,99.9999
349,-0.379583,-881868,100,99.9999
350,-0.379583,-881868,100,99.9999
351,-0.379583,-881868,100,99.9999
352,-0.379583,-881867,100,99.9999
353,-0.379583,-881868,100,99.9999
354,-0.379583,-881868,100,99.9999
355,-0.379583,-881867,100,99.9999
356,-0.379583,-881867,100,99.9999
357,-0.379583,-881867,100,99.9999
358,-0.379583,-881866,100,99.9999
359,-0.379583,-881867,100,99.9999
360,-0.379583,-881867,100,99.9999
361,-0.379583,-881868,100,99.9999
362,-0.379583,-881868,100,99.9999
363,-0.379583,-881868,100,99.9999
364,-0.379583,-881868,100,99.9999
365,-0.379583,-881868,100,99.9999
366,-0.379583,-881867,100,99.9999
367,-0.379583,-881868,100,99.9999
368,-0.379583,-881869,100,99.9999
369,-0.379583,-881867,100,99.9999
370,-0.379583,-881867,100,99.9999
371,-0.379583,-881868,100,99.9999
372,-0.379583,-881868,100,99.9999
373,-0.379583,-881868,100,99.9999
374,-0.379583,-881867,100,99.9999
375,-0.379583,-881868,100,99.9999
376,-0.379583,-881868,100,99.9999
377,-0.379583,-881868,100,99.9999
378,-0.379583,-881868,100,99.9999
379,-0.379583,-881867,100,99.9999
380,-0.379583,-881867,100,99.9999
381,-0.379583,-881867,100,99.9999
382,-0.379583,-881868,100,99.9999
383,-0.379583,-881867,100,99.9999
384,-0.379583,-881867,100,99.9999
385,-0.379583,-881866,100,99.9999
386,-0.379583,-881867,100,99.9999
387,-0.379583,-881868,100,99.9999
388,-0.379583,-881867,100,99.9999
389,-0.379583,-881868,100,99.9999
390,-0.379583,-881868,100,99.9999
391,-0.379583,-881868,100,99.9999
392,-0.379583,-881866,100,99.9999
393,-0.379583,-881868,100,99.9999
394,-0.379583,-881868,100,99.9999
395,-0.379583,-881867,100,99.9999
396,-0.379583,-881867,100,99.9999
397,-0.379583,-881867,100,99.9999
398,-0.379583,-881867,100,99.9999
399,-0.379583,-881868,100,99.9999
400,-0.379583,-881867,100,99.9999
401,-0.379583,-881866,100,99.9999
402,-0.379583,-881867,100,99.9999
403,-0.379583,-881866,100,99.9999
404,-0.379583,-881867,100,99.9999
405,-0.379583,-881868,100,99.9999
406,-0.379583,-881868,100,99.9999
407,-0.379583,-881867,100,99.9999
408,-0.379583,-881868,100,99.9999
409,-0.379583,-881868,100,99.9999
410,-0.379583,-881867,100,99.9999
411,-0.379583,-881868,100,99.9999
412,-0.379583,-881869,100,99.9999
413,-0.379583,-881867,100,99.9999
414,-0.379583,-881867,100,99.9999
415,-0.379583,-881868,100,99.9999
416,-0.379583,-881866,100,99.9999
417,-0.379583,-881867,100,99.9999
418,-0.379583,-881868,100,99.9999
419,-0.379583,-881868,100,99.9999
420,-0.379583,-881868,100,99.9999
421,-0.379583,-881866,100,99.9999
422,-0.379583,-881867,100,99.9999
423,-0.379583,-881868,100,99.9999
424,-0.379583,-881867,100,99.9999
425,-0.379583,-881867,100,99.9999
426,-0.379583,-881867,100,99.9999
427,-0.379583,-881867,100,99.9999
428,-0.379583,-881867,100,99.9999
429,-0.379583,-881868,100,99.9999
430,-0.379583,-881868,100,99.9999
431,-0.379583,-881867,100,99.9999
432,-0.379583,-881867,100,99.9999
433,-0.379583,-881868,100,99.9999
434,-0.379583,-881867,100,99.9999
435,-0.379583,-881868,100,99.9999
436,-0.379583,-881867,100,99.9999
437,-0.379583,-881868,100,99.9999
438,-0.379583,-881867,100,99.9999
439,-0.379583,-881867,100,99.9999
440,-0.379583,-881867,100,99.9999
441,-0.379583,-881867,100,99.9999
442,-0.379583,-881867,100,99.9999
443,-0.379583,-881867,100,99.9999
444,-0.379583,-881867,100,99.9999
445,-0.379583,-881868,100,99.9999
446,-0.379583,-881868,100,99.9999
447,-0.379583,-881866,100,99.9999
448,-0.379583,-881867,100,99.9999
449,-0.379583,-881867,100,99.9999
450,-0.379583,-881868,100,99.9999
451,-0.379583,-881867,100,99.9999
452,-0.379583,-881868,100,99.9999
453,-0.379583,-881868,100,99.9999
454,-0.379583,-881867,100,99.9999
455,-0.379583,-881868,100,99.9999
456,-0.379583,-881867,100,99.9999
457,-0.379583,-881867,100,99.9999
458,-0.379583,-881867,100,99.9999
459,-0.379583,-881868,100,99.9999
460,-0.379583,-881867,100,99.9999
461,-0.379583,-881868,100,99.9999
462,-0.379583,-881868,100,99.9999
463,-0.379583,-881867,100,99.9999
464,-0.379583,-881868,100,99.9999
465,-0.379583,-881867,100,99.9999
466,-0.379583,-881868,100,99.9999
467,-0.379583,-881867,100,99.9999
468,-0.379583,-881868,100,99.9999
469,-0.379583,-881867,100,99.9999
470,-0.379583,-881868,100,99.9999
471,-0.379583,-881867,100,99.9999
472,-0.379583,-881866,100,99.9999
473,-0.379583,-881868,100,99.9999
474,-0.379583,-881868,100,99.9999
475,-0.379583,-881867,100,99.9999
476,-0.379583,-881868,100,99.9999
477,-0.379583,-881867,100,99.9999
478,-0.379583,-881867,100,99.9999
479,-0.379583,-881867,100,99.9999
480,-0.379583,-881867,100,99.9999
481,-0.379583,-881868,100,99.9999
482,-0.379583,-881868,100,99.9999
483,-0.379583,-881867,100,99.9999
484,-0.379583,-881869,100,99.9999
485,-0.379583,-881866,100,99.9999
486,-0.379583,-881867,100,99.9999
487,-0.379583,-881866,100,99.9999
488,-0.379583,-881869,100,99.9999
489,-0.379583,-881867,100,99.9999
490,-0.379583,-881867,100,99.9999
491,-0.379583,-881868,100,99.9999
492,-0.379583,-881867,100,99.9999
493,-0.379583,-881867,100,99.9999
494,-0.379583,-881867,100,99.9999
495,-0.379583,-881867,100,99.9999
496,-0.379583,-881868,100,99.9999
497,-0.379583,-881867,100,99.9999
498,-0.379583,-881867,100,99.9999
499,-0.379583,-881868,100,99.9999
500,-0.379583,-881866,100,99.9999
501,-0.379583,-881867,100,99.9999
502,-0.379583,-881867,100,99.9999
503,-0.379583,-881868,100,99.9999
504,-0.379583,-881867,100,99.9999
505,-0.379583,-881868,100,99.9999
506,-0.379583,-881868,100,99.9999
507,-0.379583,-881867,100,99.9999
508,-0.379583,-881868,100,99.9999
509,-0.379583,-881867,100,99.9999
510,-0.379583,-881869,100,99.9999
511,-0.379583,-881868,100,99.9999
512,-0.379583,-881867,100,99.9999
513,-0.379583,-881867,100,99.9999
514,-0.379583,-881869,100,99.9999
515,-0.379583,-881868,100,99.9999
516,-0.379583,-881867,100,99.9999
517,-0.379583,-881866,100,99.9999
518,-0.379583,-881868,100,99.9999
519,-0.379583,-881867,100,99.9999
520,-0.379583,-881868,100,99.9999
521,-0.379583,-881867,100,99.9999
522,-0.379583,-881867,100,99.9999
523,-0.379583,-881868,100,99.9999
524,-0.379583,-881866,100,99.9999
525,-0.379583,-881867,100,99.9999
526,-0.379583,-881867,100,99.9999
527,-0.379583,-881867,100,99.9999
528,-0.379583,-881868,100,99.9999
529,-0.379583,-881867,100,99.9999
530,-0.379583,-881869,100,99.9999
531,-0.379583,-881867,100,99.9999
532,-0.379583,-881868,100,99.9999
533,-0.379583,-881867,100,99.9999
534,-0.379583,-881867,100,99.9999
535,-0.379583,-881867,100,99.9999
536,-0.379583,-881867,100,99.9999
537,-0.379583,-881867,100,99.9999
538,-0.379583,-881866,100,99.9999
539,-0.379583,-881867,100,99.9999
540,-0.379583,-881868,100,99.9999
541,-0.379583,-881867,100,99.9999
542,-0.379583,-881867,100,99.9999
543,-0.379583,-881867,100,99.9999
544,-0.379583,-881868,100,99.9999
545,-0.379583,-881867,100,99.9999
546,-0.379583,-881867,100,99.9999
547,-0.379583,-881867,100,99.9999
548,-0.379583,-881867,100,99.9999
549,-0.379583,-881867,100,99.9999
550,-0.379583,-881868,100,99.9999
551,-0.379583,-881868,100,99.9999
552,-0.379583,-881869,100,99.9999
553,-0.379583,-881868,100,99.9999
554,-0.379583,-881867,100,99.9999
555,-0.379583,-881868,100,99.9999
556,-0.379583,-881868,100,99.9999
557,-0.379583,-881868,100,99.9999
558,-0.379583,-881868,100,99.9999
559,-0.379583,-881866,100,99.9999
560,-0.379583,-881868,100,99.9999
561,-0.379583,-881868,100,99.9999
562,-0.379583,-881866,100,99.9999
563,-0.379583,-881866,100,99.9999
564,-0.379583,-881867,100,99.9999
565,-0.379583,-881866,100,99.9999
566,-0.379583,-881867,100,99.9999
567,-0.379583,-881868,100,99.9999
568,-0.379583,-881868,100,99.9999
569,-0.379583,-881867,100,99.9999
570,-0.379583,-881866,100,99.9999
571,-0.379583,-881867,100,99.9999
572,-0.379583,-881867,100,99.9999
573,-0.379583,-881867,100,99.9999
574,-0.379583,-881868,100,99.9999
575,-0.379583,-881867,100,99.9999
576,-0.379583,-881868,100,99.9999
577,-0.379583,-881868,100,99.9999
578,-0.379583,-881868,100,99.9999
579,-0.379583,-881868,100,99.9999
580,-0.379583,-881868,100,99.9999
581,-0.379583,-881868,100,99.9999
582,-0.379583,-881867,100,99.9999
583,-0.379583,-881868,100,99.9999
584,-0.379583,-881867,100,99.9999
585,-0.379583,-881867,100,99.9999
586,-0.379583,-881868,100,99.9999
587,-0.379583,-881867,100,99.9999
588,-0.379583,-881867,100,99.9999
589,-0.379583,-881867,100,99.9999
590,-0.379583,-881867,100,99.9999
591,-0.379583,-881868,100,99.9999
592,-0.379583,-881867,100,99.9999
593,-0.379583,-881867,100,99.9999
594,-0.379583,-881868,100,99.9999
595,-0.379583,-881867,100,99.9999
596,-0.379583,-881867,100,99.9999
597,-0.379583,-881867,100,99.9999
598,-0.379583,-881868,100,99.9999
599,-0.379583,-881868,100,99.9999
600,-0.379583,-881867,100,99.9999
601,-0.379583,-881867,100,99.9999
602,-0.379583,-881867,100,99.9999
603,-0.379583,-881868,100,99.9999
604,-0.379583,-881868,100,99.9999
605,-0.379583,-881867,100,99.9999
606,-0.379583,-881867,100,99.9999
607,-0.379583,-881867,100,99.9999
608,-0.379583,-881868,100,99.9999
609,-0.379583,-881868,100,99.9999
610,-0.379583,-881867,100,99.9999
611,-0.379583,-881867,100,99.9999
612,-0.379583,-881867,100,99.9999
613,-0.379583,-881867,100,99.9999
614,-0.379583,-881868,100,99.9999
615,-0.379583,-881867,100,99.9999
616,-0.379583,-881866,100,99.9999
617,-0.379583,-881868,100,99.9999
618,-0.379583,-881868,100,99.9999
619,-0.379583,-881867,100,99.9999
620,-0.379583,-881866,100,99.9999
621,-0.379583,-881868,100,99.9999
622,-0.379583,-881868,100,99.9999
623,-0.379583,-881866,100,99.9999
624,-0.379583,-881867,100,99.9999
625,-0.379583,-881867,100,99.9999
626,-0.379583,-881866,100,99.9999
627,-0.379583,-881867,100,99.9999
628,-0.379583,-881867,100,99.9999
629,-0.379583,-881868,100,99.9999
630,-0.379583,-881867,100,99.9999
631,-0.379583,-881866,100,99.9999
632,-0.379583,-881867,100,99.9999
633,-0.379583,-881868,100,99.9999
634,-0.379583,-881868,100,99.9999
635,-0.379583,-881867,100,99.9999
636,-0.379583,-881868,100,99.9999
637,-0.379583,-881867,100,99.9999
638,-0.379583,-881868,100,99.9999
639,-0.379583,-881867,100,99.9999
640,-0.379583,-881868,100,99.9999
641,-0.379583,-881868,100,99.9999
642,-0.379583,-881868,100,99.9999
643,-0.379583,-881867,100,99.9999
644,-0.379583,-881868,100,99.9999
645,-0.379583,-881868,100,99.9999
646,-0.379583,-881867,100,99.9999
647,-0.379583,-881866,100,99.9999
648,-0.379583,-881868,100,99.9999
649,-0.379583,-881868,100,99.9999
650,-0.379583,-881868,100,99.9999
651,-0.379583,-881868,100,99.9999
652,-0.379583,-881866,100,99.9999
653,-0.379583,-881867,100,99.9999
654,-0.379583,-881868,100,99.9999
655,-0.379583,-881867,100,99.9999
656,-0.379583,-881866,100,99.9999
657,-0.379583,-881868,100,99.9999
658,-0.379583,-881868,100,99.9999
659,-0.379583,-881867,100,99.9999
660,-0.379583,-881868,100,99.9999
661,-0.379583,-881867,100,99.9999
662,-0.379583,-881866,100,99.9999
663,-0.379583,-881867,100,99.9999
664,-0.379583,-881867,100,99.9999
665,-0.379583,-881868,100,99.9999
666,-0.379583,-881866,100,99.9999
667,-0.379583,-881868,100,99.9999
668,-0.379583,-881867,100,99.9999
669,-0.379583,-881867,100,99.9999
670,-0.379583,-881867,100,99.9999
671,-0.379583,-881867,100,99.9999
672,-0.379583,-881868,100,99.9999
673,-0.379583,-881868,100,99.9999
674,-0.379583,-881867,100,99.9999
675,-0.379583,-881868,100,99.9999
676,-0.379583,-881866,100,99.9999
677,-0.379583,-881867,100,99.9999
678,-0.379583,-881867,100,99.9999
679,-0.379583,-881868,100,99.9999
680,-0.379583,-881868,100,99.9999
681,-0.379583,-881868,100,99.9999
682,-0.379583,-881866,100,99.9999
683,-0.379583,-881868,100,99.9999
684,-0.379583,-881867,100,99.9999
685,-0.379583,-881868,100,99.9999
686,-0.379583,-881867,100,99.9999
687,-0.379583,-881868,100,99.9999
688,-0.379583,-881868,100,99.9999
689,-0.379583,-881867,100,99.9999
690,-0.379583,-881867,100,99.9999
691,-0.379583,-881867,100,99.9999
692,-0.379583,-881868,100,99.9999
693,-0.379583,-881867,100,99.9999
694,-0.379583,-881867,100,99.9999
695,-0.379583,-881866,100,99.9999
696,-0.379583,-881867,100,99.9999
697,-0.379583,-881867,100,99.9999
698,-0.379583,-881867,100,99.9999
699,-0.379583,-881867,100,99.9999
700,-0.379583,-881868,100,99.9999
701,-0.379583,-881869,100,99.9999
702,-0.379583,-881867,100,99.9999
703,-0.379583,-881866,100,99.9999
704,-0.379583,-881866,100,99.9999
705,-0.379583,-881867,100,99.9999
706,-0.379583,-881867,100,99.9999
707,-0.379583,-881867,100,99.9999
708,-0.379583,-881867,100,99.9999
709,-0.379583,-881867,100,99.9999
710,-0.379583,-881867,100,99.9999
711,-0.379583,-881868,100,99.9999
712,-0.379583,-881867,100,99.9999
713,-0.379583,-881866,100,99.9999
714,-0.379583,-881867,100,99.9999
715,-0.379583,-881869,100,99.9999
716,-0.379583,-881868,100,99.9999
717,-0.379583,-881868,100,99.9999
718,-0.379583,-881867,100,99.9999
719,-0.379583,-881868,100,99.9999
720,-0.379583,-881868,100,99.9999
721,-0.379583,-881868,100,99.9999
722,-0.379583,-881868,100,99.9999
723,-0.379583,-881867,100,99.9999
724,-0.379583,-881868,100,99.9999
725,-0.379583,-881868,100,99.9999
726,-0.379583,-881867,100,99.9999
727,-0.379583,-881867,100,99.9999
728,-0.379583,-881867,100,99.9999
729,-0.379583,-881867,100,99.9999
730,-0.379583,-881866,100,99.9999
731,-0.379583,-881867,100,99.9999
732,-0.379583,-881867,100,99.9999
733,-0.379583,-881867,100,99.9999
734,-0.379583,-881868,100,99.9999
735,-0.379583,-881867,100,99.9999
736,-0.379583,-881868,100,99.9999
737,-0.379583,-881867,100,99.9999
738,-0.379583,-881868,100,99.9999
739,-0.379583,-881868,100,99.9999
740,-0.379583,-881868,100,99.9999
741,-0.379583,-881868,100,99.9999
742,-0.379583,-881867,100,99.9999
743,-0.379583,-881867,100,99.9999
744,-0.379583,-881867,100,99.9999
745,-0.379583,-881867,100,99.9999
746,-0.379583,-881866,100,99.9999
747,-0.379583,-881866,100,99.9999
748,-0.379583,-881867,100,99.9999
749,-0.379583,-881868,100,99.9999
750,-0.379583,-881867,100,99.9999
751,-0.379583,-881867,100,99.9999
752,-0.379583,-881867,100,99.9999
753,-0.379583,-881867,100,99.9999
754,-0.379583,-881867,100,99.9999
755,-0.379583,-881868,100,99.9999
756,-0.379583,-881868,100,99.9999
757,-0.379583,-881867,100,99.9999
758,-0.379583,-881868,100,99.9999
759,-0.379583,-881868,100,99.9999
760,-0.379583,-881868,100,99.9999
761,-0.379583,-881867,100,99.9999
762,-0.379583,-881867,100,99.9999
763,-0.379583,-881868,100,99.9999
764,-0.379583,-881868,100,99.9999
765,-0.379583,-881867,100,99.9999
766,-0.379583,-881867,100,99.9999
767,-0.379583,-881868,100,99.9999
768,-0.379583,-881866,100,99.9999
769,-0.379583,-881867,100,99.9999
770,-0.379583,-881868,100,99.9999
771,-0.379583,-881867,100,99.9999
772,-0.379583,-881867,100,99.9999
773,-0.379583,-881868,100,99.9999
774,-0.379583,-881867,100,99.9999
775,-0.379583,-881867,100,99.9999
776,-0.379583,-881866,100,99.9999
777,-0.379583,-881868,100,99.9999
778,-0.379583,-881869,100,99.9999
779,-0.379583,-881867,100,99.9999
780,-0.379583,-881868,100,99.9999
781,-0.379583,-881867,100,99.9999
782,-0.379583,-881868,100,99.9999
783,-0.379583,-881868,100,99.9999
784,-0.379583,-881867,100,99.9999
785,-0.379583,-881868,100,99.9999
786,-0.379583,-881867,100,99.9999
787,-0.379583,-881868,100,99.9999
788,-0.379583,-881868,100,99.9999
789,-0.379583,-881868,100,99.9999
790,-0.379583,-881868,100,99.9999
791,-0.379583,-881867,100,99.9999
792,-0.379583,-881867,100,99.9999
793,-0.379583,-881867,100,99.9999
794,-0.379583,-881868,100,99.9999
795,-0.379583,-881866,100,99.9999
796,-0.379583,-881868,100,99.9999
797,-0.379583,-881868,100,99.9999
798,-0.379583,-881866,100,99.9999
799,-0.379583,-881867,100,99.9999
800,-0.379583,-881868,100,99.9999
801,-0.379583,-881867,100,99.9999
802,-0.379583,-881867,100,99.9999
803,-0.379583,-881868,100,99.9999
804,-0.379583,-881867,100,99.9999
805,-0.379583,-881867,100,99.9999
806,-0.379583,-881867,100,99.9999
807,-0.379583,-881868,100,99.9999
808,-0.379583,-881868,100,99.9999
809,-0.379583,-881867,100,99.9999
810,-0.379583,-881868,100,99.9999
811,-0.379583,-881866,100,99.9999
812,-0.379583,-881867,100,99.9999
813,-0.379583,-881868,100,99.9999
814,-0.379583,-881866,100,99.9999
815,-0.379583,-881868,100,99.9999
816,-0.379583,-881867,100,99.9999
817,-0.379583,-881867,100,99.9999
818,-0.379583,-881868,100,99.9999
819,-0.379583,-881868,100,99.9999
820,-0.379583,-881866,100,99.9999
821,-0.379583,-881868,100,99.9999
822,-0.379583,-881867,100,99.9999
823,-0.379583,-881868,100,99.9999
824,-0.379583,-881867,100,99.9999
825,-0.379583,-881867,100,99.9999
826,-0.379583,-881868,100,99.9999
827,-0.379583,-881868,100,99.9999
828,-0.379583,-881868,100,99.9999
829,-0.379583,-881867,100,99.9999
830,-0.379583,-881866,100,99.9999
831,-0.379583,-881866,100,99.9999
832,-0.379583,-881866,100,99.9999
833,-0.379583,-881868,100,99.9999
834,-0.379583,-881867,100,99.9999
835,-0.379583,-881868,100,99.9999
836,-0.379583,-881869,100,99.9999
837,-0.379583,-881867,100,99.9999
838,-0.379583,-881867,100,99.9999
839,-0.379583,-881867,100,99.9999
840,-0.379583,-881868,100,99.9999
841,-0.379583,-881868,100,99.9999
842,-0.379583,-881867,100,99.9999
843,-0.379583,-881866,100,99.9999
844,-0.379583,-881866,100,99.9999
845,-0.379583,-881867,100,99.9999
846,-0.379583,-881868,100,99.9999
847,-0.379583,-881867,100,99.9999
848,-0.379583,-881866,100,99.9999
849,-0.379583,-881868,100,99.9999
850,-0.379583,-881868,100,99.9999
851,-0.379583,-881867,100,99.9999
852,-0.379583,-881867,100,99.9999
853,-0.379583,-881868,100,99.9999
854,-0.379583,-881868,100,99.9999
855,-0.379583,-881868,100,99.9999
856,-0.379583,-881868,100,99.9999
857,-0.379583,-881868,100,99.9999
858,-0.379583,-881867,100,99.9999
859,-0.379583,-881867,100,99.9999
860,-0.379583,-881867,100,99.9999
861,-0.379583,-881868,100,99.9999
862,-0.379583,-881867,100,99.9999
863,-0.379583,-881867,100,99.9999
864,-0.379583,-881868,100,99.9999
865,-0.379583,-881868,100,99.9999
866,-0.379583,-881867,100,99.9999
867,-0.379583,-881868,100,99.9999
868,-0.379583,-881867,100,99.9999
869,-0.379583,-881866,100,99.9999
870,-0.379583,-881868,100,99.9999
871,-0.379583,-881868,100,99.9999
872,-0.379583,-881868,100,99.9999
873,-0.379583,-881868,100,99.9999
874,-0.379583,-881867,100,99.9999
875,-0.379583,-881867,100,99.9999
876,-0.379583,-881867,100,99.9999
877,-0.379583,-881866,100,99.9999
878,-0.379583,-881868,100,99.9999
879,-0.379583,-881868,100,99.9999
880,-0.379583,-881868,100,99.9999
881,-0.379583,-881867,100,99.9999
882,-0.379583,-881868,100,99.9999
883,-0.379583,-881868,100,99.9999
884,-0.379583,-881867,100,99.9999
885,-0.379583,-881868,100,99.9999
886,-0.379583,-881867,100,99.9999
887,-0.379583,-881866,100,99.9999
888,-0.379583,-881868,100,99.9999
889,-0.379583,-881867,100,99.9999
890,-0.379583,-881867,100,99.9999
891,-0.379583,-881867,100,99.9999
892,-0.379583,-881867,100,99.9999
893,-0.379583,-881868,100,99.9999
894,-0.379583,-881866,100,99.9999
895,-0.379583,-881867,100,99.9999
896,-0.379583,-881867,100,99.9999
897,-0.379583,-881868,100,99.9999
898,-0.379583,-881868,100,99.9999
899,-0.379583,-881867,100,99.9999
900,-0.379583,-881866,100,99.9999
901,-0.379583,-881867,100,99.9999
902,-0.379583,-881868,100,99.9999
903,-0.379583,-881868,100,99.9999
904,-0.379583,-881866,100,99.9999
905,-0.379583,-881867,100,99.9999
906,-0.379583,-881867,100,99.9999
907,-0.379583,-881867,100,99.9999
908,-0.379583,-881867,100,99.9999
909,-0.379583,-881867,100,99.9999
910,-0.379583,-881867,100,99.9999
911,-0.379583,-881868,100,99.9999
912,-0.379583,-881866,100,99.9999
913,-0.379583,-881868,100,99.9999
914,-0.379583,-881868,100,99.9999
915,-0.379583,-881867,100,99.9999
916,-0.379583,-881867,100,99.9999
917,-0.379583,-881867,100,99.9999
918,-0.379583,-881867,100,99.9999
919,-0.379583,-881868,100,99.9999
920,-0.379583,-881868,100,99.9999
921,-0.379583,-881867,100,99.9999
922,-0.379583,-881867,100,99.9999
923,-0.379583,-881867,100,99.9999
924,-0.379583,-881866,100,99.9999
925,-0.379583,-881868,100,99.9999
926,-0.379583,-881867,100,99.9999
927,-0.379583,-881866,100,99.9999
928,-0.379583,-881868,100,99.9999
929,-0.379583,-881867,100,99.9999
930,-0.379583,-881867,100,99.9999
931,-0.379583,-881867,100,99.9999
932,-0.379583,-881867,100,99.9999
933,-0.379583,-881868,100,99.9999
934,-0.379583,-881867,100,99.9999
935,-0.379583,-881868,100,99.9999
936,-0.379583,-881867,100,99.9999
937,-0.379583,-881868,100,99.9999
938,-0.379583,-881866,100,99.9999
939,-0.379583,-881867,100,99.9999
940,-0.379583,-881868,100,99.9999
941,-0.379583,-881869,100,99.9999
942,-0.379583,-881868,100,99.9999
943,-0.379583,-881868,100,99.9999
944,-0.379583,-881868,100,99.9999
945,-0.379583,-881867,100,99.9999
946,-0.379583,-881866,100,99.9999
947,-0.379583,-881866,100,99.9999
948,-0.379583,-881868,100,99.9999
949,-0.379583,-881868,100,99.9999
950,-0.379583,-881868,100,99.9999
951,-0.379583,-881867,100,99.9999
952,-0.379583,-881867,100,99.9999
953,-0.379583,-881867,100,99.9999
954,-0.379583,-881868,100,99.9999
955,-0.379583,-881868,100,99.9999
956,-0.379583,-881867,100,99.9999
957,-0.379583,-881867,100,99.9999
958,-0.379583,-881867,100,99.9999
959,-0.379583,-881868,100,99.9999
960,-0.379583,-881867,100,99.9999
961,-0.379583,-881867,100,99.9999
962,-0.379583,-881867,100,99.9999
963,-0.379583,-881866,100,99.9999
964,-0.379583,-881867,100,99.9999
965,-0.379583,-881868,100,99.9999
966,-0.379583,-881867,100,99.9999
967,-0.379583,-881868,100,99.9999
968,-0.379583,-881867,100,99.9999
969,-0.379583,-881868,100,99.9999
970,-0.379583,-881867,100,99.9999
971,-0.379583,-881868,100,99.9999
972,-0.379583,-881867,100,99.9999
973,-0.379583,-881866,100,99.9999
974,-0.379583,-881867,100,99.9999
975,-0.379583,-881867,100,99.9999
976,-0.379583,-881866,100,99.9999
977,-0.379583,-881866,100,99.9999
978,-0.379583,-881867,100,99.9999
979,-0.379583,-881868,100,99.9999
980,-0.379583,-881867,100,99.9999
981,-0.379583,-881867,100,99.9999
982,-0.379583,-881867,100,99.9999
983,-0.379583,-881867,100,99.9999
984,-0.379583,-881868,100,99.9999
985,-0.379583,-881866,100,99.9999
986,-0.379583,-881867,100,99.9999
987,-0.379583,-881868,100,99.9999
988,-0.379583,-881868,100,99.9999
989,-0.379583,-881868,100,99.9999
990,-0.379583,-881867,100,99.9999
991,-0.379583,-881868,100,99.9999
992,-0.379583,-881867,100,99.9999
993,-0.379583,-881868,100,99.9999
994,-0.379583,-881867,100,99.9999
995,-0.379583,-881867,100,99.9999
996,-0.379583,-881867,100,99.9999
997,-0.379583,-881867,100,99.9999
998,-0.379583,-881868,100,99.9999
999,-0.379583,-881867,100,99.9999
